0,1,2,3,4,5,6,7,8,9,10,11,12,13,14,15,16,17,18,19,20,label,machine_type
4.562854769574187e-07,0.005128792487084866,0.0216522216796875,-0.0237579345703125,-1.52587890625e-05,2.630451308505144e-05,-393.5138854980469,144.19851684570312,-14.743637084960938,28.680614471435547,-1.9799312353134155,12.32645320892334,-4.775859355926514,2.8278117179870605,-0.26543986797332764,4.333465576171875,-2.678009271621704,-1.995649814605713,0.1971731036901474,1057.8417044692965,0.06554787022292993,normal,fan
1.8086433328790008e-06,0.004317731596529484,0.0174407958984375,-0.019641876220703125,1.52587890625e-05,1.8642804207047448e-05,-343.064453125,74.87865447998047,-8.972779273986816,31.388864517211914,-6.955356597900391,2.0103142261505127,0.024614054709672928,5.7305006980896,7.590292930603027,4.514277458190918,-8.61754322052002,3.8419301509857178,-3.6845734119415283,2104.863721442149,0.17947912519904458,normal,fan
-3.14736371365143e-06,0.004812816623598337,0.02075958251953125,-0.01885986328125,-3.4332275390625e-05,2.3163205696619116e-05,-384.40838623046875,118.56190490722656,1.0035561323165894,19.9188175201416,5.68696928024292,12.59581184387207,2.3775572776794434,4.0458455085754395,0.9949371814727783,4.1012773513793945,0.27875733375549316,0.10765763372182846,-2.448294162750244,1301.6078768129153,0.07067326831210191,normal,fan
6.320953502836346e-07,0.005234955344349146,0.022602081298828125,-0.01958465576171875,4.38690185546875e-05,2.7404757929616608e-05,-387.04302978515625,136.38674926757812,-10.214920997619629,30.219409942626953,-1.9276973009109497,13.067858695983887,-3.358590841293335,5.646933555603027,-0.45257189869880676,4.060105323791504,-3.4389150142669678,-0.9668070077896118,0.9452763199806213,1109.0914107239998,0.06483255374203821,normal,fan
1.2643813533941284e-06,0.0048177712596952915,0.020862579345703125,-0.02002716064453125,2.288818359375e-05,2.321092142665293e-05,-391.4320373535156,118.8723373413086,7.115588188171387,1.2625466585159302,0.4124598801136017,0.8026197552680969,-0.5407066345214844,5.3869194984436035,3.24873423576355,-1.531069040298462,-4.731138229370117,1.267637848854065,10.108468055725098,1389.4579099905143,0.08972245720541401,normal,fan
-4.065561370225623e-06,0.005294878035783768,0.021205902099609375,-0.020015716552734375,-2.6702880859375e-05,2.80357326118974e-05,-383.6943054199219,135.72474670410156,-9.698648452758789,28.394214630126953,-1.324047327041626,12.984454154968262,-3.8773889541625977,4.467296600341797,-0.007717667147517204,5.652588367462158,-2.050011396408081,0.2483077496290207,1.2004801034927368,1126.2014494705068,0.06691630175159236,normal,fan
-1.3358115893424838e-06,0.004780584014952183,0.022884368896484375,-0.0202178955078125,1.1444091796875e-05,2.2853984773973934e-05,-330.7946472167969,92.99747467041016,-16.02480697631836,10.929189682006836,-4.142548561096191,4.255983829498291,-6.192074298858643,-2.097015142440796,-4.096597194671631,-1.3488667011260986,-1.286912202835083,0.002906993729993701,-1.3412401676177979,1832.6530884286615,0.14421713276273884,normal,fan
3.261089318584709e-07,0.00504298834130168,0.0211181640625,-0.019580841064453125,2.288818359375e-05,2.5431731046410277e-05,-385.58856201171875,114.96363830566406,1.7796881198883057,0.619746208190918,0.561346173286438,0.0007813812117092311,-1.9571641683578491,3.500997543334961,1.399101972579956,-0.715804934501648,3.042109489440918,5.649511337280273,5.290774822235107,1450.8217100470774,0.09193060808121019,normal,fan
6.741046831848507e-07,0.004956986289471388,0.02048492431640625,-0.02019500732421875,0.0,2.4571712856413797e-05,-368.4721374511719,96.4181900024414,11.326526641845703,18.684885025024414,-11.128030776977539,9.359057426452637,-1.8656165599822998,-6.755637168884277,6.169722080230713,-0.524002194404602,1.4876937866210938,5.8106369972229,2.0667238235473633,1690.0360839713971,0.09880075636942676,normal,fan
-1.2980460724065779e-06,0.004600897431373596,0.018444061279296875,-0.019748687744140625,7.62939453125e-06,2.1168258172110654e-05,-387.0186462402344,121.59280395507812,-1.6082279682159424,1.5301687717437744,3.1884546279907227,2.244661331176758,1.1208434104919434,1.3219223022460938,-3.7861266136169434,0.23683086037635803,7.897192001342773,5.113966941833496,3.73529052734375,1371.241752295116,0.09451818769904459,normal,fan
-1.0995388493029168e-06,0.004702424164861441,0.019195556640625,-0.019245147705078125,-7.62939453125e-06,2.211279388575349e-05,-386.3641662597656,116.67655181884766,2.572943925857544,2.8015847206115723,2.31366229057312,1.5368998050689697,-0.20212729275226593,4.6542534828186035,1.0210317373275757,-1.6128218173980713,1.1261895895004272,6.62487268447876,9.287363052368164,1420.4521364335076,0.09527393511146497,normal,fan
1.3801574141325545e-06,0.004265263676643372,0.01961517333984375,-0.01821136474609375,-3.814697265625e-06,1.8192473362432793e-05,-343.61639404296875,95.40985870361328,-36.78131103515625,14.036450386047363,-12.115273475646973,0.9434093236923218,-5.778654098510742,0.2872622013092041,0.28771623969078064,-0.19612360000610352,-8.2241792678833,-3.4008142948150635,-1.392335057258606,1781.2689855237504,0.15981725218949044,normal,fan
-1.2826919828512473e-06,0.005206411704421043,0.0209808349609375,-0.019931793212890625,-3.4332275390625e-05,2.7106723791803233e-05,-389.6061706542969,138.3175048828125,-9.304614067077637,29.33698844909668,-3.4627554416656494,11.198269844055176,-4.536283493041992,4.301703929901123,0.014628343284130096,4.292367458343506,-2.1149392127990723,1.4876679182052612,2.392244577407837,1092.138610205285,0.0644469048566879,normal,fan
4.1957855501095764e-06,0.004923547152429819,0.01904296875,-0.020961761474609375,3.0517578125e-05,2.4241317078121938e-05,-405.1573791503906,141.56442260742188,-4.876814842224121,20.900917053222656,1.5696666240692139,11.77231216430664,-1.7900646924972534,1.6585279703140259,5.496964931488037,4.732512474060059,-1.6811519861221313,-0.011013905517756939,4.652984619140625,1047.45127857244,0.06350144307324841,normal,fan
-4.320144597613762e-08,0.005450145341455936,0.021114349365234375,-0.02170562744140625,3.814697265625e-06,2.970408422697801e-05,-382.1891784667969,134.74484252929688,-8.413548469543457,27.641700744628906,-3.5499629974365234,10.994626998901367,-4.655641555786133,4.883663177490234,0.573977530002594,6.412379741668701,-1.0076428651809692,1.0121361017227173,3.158972978591919,1138.3522030264699,0.06466149980095541,normal,fan
-1.5859603763601626e-06,0.005294097121804953,0.022068023681640625,-0.022525787353515625,3.0517578125e-05,2.8027465305058286e-05,-378.6362609863281,133.67955017089844,-9.769084930419922,27.393598556518555,-3.183898448944092,12.362018585205078,-5.59356164932251,3.087742805480957,-0.4579619765281677,5.063614368438721,-0.9010558724403381,0.8856106996536255,1.3430798053741455,1162.4765391065969,0.07099671576433121,normal,fan
1.1970996638410725e-06,0.00492493761703372,0.02480316162109375,-0.023303985595703125,-3.814697265625e-06,2.4255008611362427e-05,-385.3354797363281,126.40040588378906,-4.01114559173584,17.83556365966797,4.974903106689453,16.371200561523438,2.6668810844421387,2.169801712036133,-0.9162086248397827,2.7783071994781494,1.9118578433990479,1.527501106262207,-3.011918306350708,1221.619856011029,0.07108690784235669,normal,fan
1.3285637123772176e-06,0.0054959929548203945,0.0250091552734375,-0.02487945556640625,7.62939453125e-06,3.0205937946448103e-05,-324.1669616699219,94.14282989501953,-30.82633399963379,19.22124481201172,-15.824275016784668,3.7659127712249756,-0.688985288143158,6.744218349456787,-0.013177154585719109,1.6392035484313965,-7.384246349334717,0.9900890588760376,2.5809412002563477,1823.1599125158573,0.16304861664012738,normal,fan
-8.556365855838521e-07,0.004621119238436222,0.019195556640625,-0.019207000732421875,1.9073486328125e-05,2.1354744603740983e-05,-386.4808654785156,121.86592102050781,-0.06333882361650467,2.5800652503967285,3.243497610092163,2.5748050212860107,1.404720664024353,1.2875041961669922,-4.15131139755249,0.13571354746818542,5.053232669830322,2.8928351402282715,0.3511137366294861,1363.7572902004733,0.09084208300159236,normal,fan
-1.0326862138754223e-06,0.004664992913603783,0.020679473876953125,-0.01927947998046875,3.814697265625e-06,2.1762158212368377e-05,-391.0440368652344,118.59031677246094,2.916780710220337,3.0930254459381104,4.592504501342773,1.1454259157180786,-0.8412825465202332,4.368861675262451,-0.08488283306360245,-4.132885932922363,-0.766342282295227,5.560116291046143,8.28608512878418,1387.0217538624836,0.08943011046974522,normal,fan
-2.2816658429292147e-07,0.004671973641961813,0.01758575439453125,-0.019542694091796875,3.0517578125e-05,2.182733624067623e-05,-388.60906982421875,114.79637908935547,5.076338768005371,2.4311628341674805,-0.9276528358459473,1.1052755117416382,-0.22376635670661926,6.6220903396606445,3.885525703430176,-2.9724042415618896,-5.864036560058594,1.0808097124099731,8.714693069458008,1448.4487887771118,0.0940672273089172,normal,fan
-1.845359776098121e-08,0.005037129390984774,0.019809722900390625,-0.021602630615234375,3.814697265625e-06,2.537267209845595e-05,-391.8768310546875,113.02607727050781,12.444602966308594,9.151090621948242,2.8175036907196045,3.3906023502349854,-1.7882015705108643,3.3000566959381104,7.776961326599121,4.031373023986816,-3.456557035446167,-6.693983554840088,-4.423005104064941,1408.3031322497654,0.07768647989649681,normal,fan
1.2823104498238536e-06,0.004307893104851246,0.017002105712890625,-0.02007293701171875,1.52587890625e-05,1.8557942894403823e-05,-390.2087097167969,118.9127197265625,-0.4273569881916046,2.3416786193847656,0.5984287858009338,2.4194347858428955,0.39733248949050903,2.7211031913757324,-2.7759270668029785,1.0439012050628662,6.154879093170166,3.454787254333496,0.8923854827880859,1407.1368475430327,0.09796103702229299,normal,fan
-2.545166125855758e-06,0.0050088511779904366,0.019489288330078125,-0.020290374755859375,-5.340576171875e-05,2.5088589609367773e-05,-396.76318359375,135.72357177734375,-6.087944507598877,21.960582733154297,3.2865045070648193,18.043981552124023,2.766061544418335,3.7079622745513916,0.5275973081588745,3.0152530670166016,0.2862657606601715,-0.33729398250579834,-1.7686407566070557,1092.617826108767,0.0611999900477707,normal,fan
-2.1848202322871657e-06,0.005148307420313358,0.020107269287109375,-0.020755767822265625,3.814697265625e-06,2.65050712187076e-05,-381.17889404296875,131.1720428466797,-9.435271263122559,27.531389236450195,-2.316737174987793,13.309452056884766,-3.5180952548980713,5.572222709655762,0.39033278822898865,5.191320896148682,-2.7286081314086914,-0.9464661478996277,1.2585058212280273,1179.7743900226267,0.07057996616242038,normal,fan
-3.669452780741267e-06,0.0051669892854988575,0.019962310791015625,-0.021198272705078125,0.0,2.6697778594098054e-05,-370.6552429199219,123.42137908935547,-1.4239450693130493,24.242919921875,-1.7846572399139404,7.794131755828857,-5.027133941650391,1.9823534488677979,-0.5940906405448914,4.238611698150635,-1.862388253211975,-0.575507402420044,0.5921005010604858,1272.1624429978729,0.07656685410031847,normal,fan
2.255964318464976e-06,0.0043925694189965725,0.018901824951171875,-0.01886749267578125,-3.4332275390625e-05,1.9294664525659755e-05,-385.7868347167969,116.18606567382812,0.5127614736557007,2.5572619438171387,2.1655783653259277,3.639256238937378,0.2908790111541748,1.0454890727996826,-4.289454460144043,0.642776608467102,5.412879943847656,3.7941741943359375,2.193146228790283,1448.4503310989305,0.1018735071656051,normal,fan
2.002763721975498e-06,0.005003476981073618,0.02191925048828125,-0.01934814453125,3.0517578125e-05,2.5034782083821483e-05,-390.7565612792969,142.61216735839844,-12.870519638061523,27.655637741088867,-4.793633460998535,10.281012535095215,-5.834774494171143,3.0924434661865234,-0.4725477993488312,4.622873306274414,-2.8001198768615723,0.008576137945055962,2.614093780517578,1085.0501717898662,0.06887875696656051,normal,fan
-1.1411190143917338e-06,0.005046776030212641,0.018825531005859375,-0.02025604248046875,-1.52587890625e-05,2.546994983276818e-05,-413.4986267089844,142.4999542236328,2.774338722229004,27.09257698059082,2.863710403442383,9.391532897949219,-3.3477511405944824,2.180738925933838,7.1402997970581055,5.996610164642334,-1.7860887050628662,0.863860011100769,4.191030502319336,979.2282801725175,0.05410902667197452,normal,fan
-3.053522050322499e-06,0.003897404996678233,0.020809173583984375,-0.018581390380859375,0.0,1.518976660008775e-05,-389.0606994628906,117.88843536376953,-15.442158699035645,22.839834213256836,-4.322648525238037,8.586520195007324,-7.69227409362793,2.5734918117523193,1.5908879041671753,3.713776111602783,-4.613996505737305,-0.010302197188138962,2.2226576805114746,1432.0632075826213,0.10259815386146497,normal,fan
7.828235766282887e-07,0.004993651993572712,0.02025604248046875,-0.020416259765625,-2.288818359375e-05,2.4936562112998217e-05,-402.2991027832031,137.94068908691406,-5.774596691131592,22.19464111328125,2.5152688026428223,15.85637092590332,0.44486644864082336,2.0635125637054443,-0.13568821549415588,3.836682081222534,1.4445135593414307,0.19835011661052704,-1.0289303064346313,1070.5584823303213,0.060559315286624206,normal,fan
8.84151461377769e-07,0.005059163551777601,0.027130126953125,-0.031810760498046875,3.814697265625e-05,2.559513450250961e-05,-373.4346923828125,126.24803161621094,-14.487092018127441,26.70634651184082,-7.420948028564453,6.086463928222656,-4.255367755889893,2.965977668762207,-3.6156747341156006,-2.399935483932495,-6.521100044250488,1.9838712215423584,2.604994535446167,1313.0579104301491,0.09272989649681529,normal,fan
4.865646587859374e-07,0.005017796531319618,0.02187347412109375,-0.021114349365234375,-7.62939453125e-06,2.5178280338877812e-05,-401.8996887207031,110.39804077148438,9.363080978393555,12.169209480285645,0.16304419934749603,2.871547222137451,-2.4487922191619873,0.7672969102859497,4.828981399536133,6.191946983337402,-0.40040674805641174,0.28405654430389404,-2.0995843410491943,1414.723085973483,0.07028450935509555,normal,fan
-2.4606226816104027e-06,0.005250830203294754,0.02197265625,-0.0200653076171875,2.6702880859375e-05,2.75712191069033e-05,-389.87689208984375,138.34677124023438,-9.287104606628418,30.183347702026367,-1.7788236141204834,11.739689826965332,-5.4753007888793945,4.064993381500244,-1.0551979541778564,4.084745407104492,-1.9748636484146118,-0.06069016829133034,2.3677196502685547,1090.4650947775551,0.06369737758757962,normal,fan
7.430076607306546e-07,0.0048627364449203014,0.021884918212890625,-0.022159576416015625,3.814697265625e-06,2.364620377193205e-05,-360.5715637207031,115.47863006591797,-12.461475372314453,20.219999313354492,-2.655900001525879,11.733107566833496,-4.295165061950684,3.4641571044921875,1.5511153936386108,1.34783136844635,-4.202614784240723,-2.676483392715454,1.6611177921295166,1437.4110804207576,0.10354361564490445,normal,fan
2.0927429886796745e-06,0.003895991714671254,0.016651153564453125,-0.018680572509765625,0.0,1.5178751709754579e-05,-370.4321594238281,84.70235443115234,-15.227452278137207,16.287921905517578,-5.206477165222168,-0.4513247609138489,-5.948487281799316,1.9447600841522217,1.8887640237808228,1.8998961448669434,-0.7348728179931641,-1.1112775802612305,-7.97484016418457,1932.836523888869,0.18027530354299362,normal,fan
8.938789619605814e-07,0.003901314688846469,0.016864776611328125,-0.017246246337890625,-2.288818359375e-05,1.5220256500469986e-05,-336.26031494140625,63.3241081237793,-5.956961631774902,22.430959701538086,-7.26416015625,5.499587535858154,-2.6574866771698,2.6400790214538574,-1.091211199760437,7.840248107910156,-7.437778472900391,7.716879844665527,-9.479255676269531,2438.5475751298072,0.2330812101910828,normal,fan
1.1136531838928931e-06,0.00503807095810771,0.020076751708984375,-0.0189208984375,-3.0517578125e-05,2.5382158128195442e-05,-368.3775939941406,101.54130554199219,6.962347030639648,23.867538452148438,7.703627109527588,7.689221382141113,0.3959798216819763,5.10606575012207,3.487191915512085,5.906030178070068,-0.5480992794036865,-0.8356318473815918,-2.6362361907958984,1543.568884235297,0.08197215863853503,normal,fan
-2.1284579361235956e-06,0.004390804562717676,0.01667022705078125,-0.017551422119140625,2.288818359375e-05,1.927916491695214e-05,-381.83087158203125,114.382080078125,1.1247090101242065,1.2470378875732422,2.839801073074341,6.143509387969971,2.257620334625244,2.4027514457702637,-2.603717088699341,1.0369586944580078,5.3015265464782715,4.245471954345703,2.690782308578491,1474.119698333397,0.09920506568471338,normal,fan
1.3841629424860002e-06,0.005016366485506296,0.022708892822265625,-0.02172088623046875,-7.62939453125e-06,2.5163933969452046e-05,-393.403564453125,142.77880859375,-13.112610816955566,28.42406463623047,-3.587339401245117,10.135108947753906,-6.090048313140869,2.8198001384735107,-0.7131114602088928,5.2837700843811035,-2.224445343017578,-0.4439382255077362,1.7889167070388794,1073.2936485174384,0.06784932324840764,normal,fan
-2.5119304609688697e-06,0.005105203948915005,0.020549774169921875,-0.020313262939453125,-2.288818359375e-05,2.6063107725349255e-05,-388.03466796875,136.38473510742188,-9.607535362243652,29.160118103027344,-2.7119381427764893,11.320615768432617,-6.052414894104004,3.1119062900543213,-1.701200008392334,3.843719005584717,-2.5429558753967285,0.2528439164161682,2.498513698577881,1123.9477177562605,0.06761917794585988,normal,fan
2.162551936635282e-06,0.0046715582720935345,0.019031524658203125,-0.0183258056640625,3.814697265625e-06,2.182345633627847e-05,-393.4471740722656,141.02865600585938,-16.199607849121094,27.36319351196289,-2.142502784729004,11.803969383239746,-4.751575469970703,3.6312811374664307,-0.8521837592124939,4.342770576477051,-3.1582541465759277,-1.1132844686508179,1.4833393096923828,1107.2371028277532,0.07082877189490445,normal,fan
1.078653326658241e-06,0.005157893057912588,0.020404815673828125,-0.018955230712890625,-4.57763671875e-05,2.6603860533214174e-05,-380.1201171875,130.92015075683594,-9.395845413208008,27.762657165527344,-2.603409767150879,13.738473892211914,-2.3455417156219482,5.3690876960754395,-0.6726558208465576,3.7869772911071777,-3.776510238647461,-1.3472579717636108,0.8573873043060303,1183.3546712811617,0.06966249502388536,normal,fan
-2.3512839675277064e-07,0.00460551492869854,0.018520355224609375,-0.018093109130859375,7.62939453125e-06,2.121076795447152e-05,-388.59173583984375,115.14966583251953,6.955590724945068,2.5555267333984375,1.2819774150848389,3.7733654975891113,1.2203983068466187,7.770938396453857,4.5224928855896,-2.6493818759918213,-6.467982769012451,-2.9245901107788086,7.058294296264648,1434.1890998024626,0.08987485071656051,normal,fan
-1.7396449720763485e-06,0.004950678441673517,0.022258758544921875,-0.0218505859375,4.1961669921875e-05,2.4509216018486768e-05,-377.471435546875,110.74047088623047,4.360088348388672,3.5870578289031982,-1.602561593055725,2.2373299598693848,0.7614187002182007,8.632055282592773,6.969361782073975,0.3582337498664856,-5.218359470367432,-5.755612850189209,2.5771636962890625,1508.0880377852134,0.09914597432324841,normal,fan
1.9881724711012794e-06,0.00523099722340703,0.01964569091796875,-0.019123077392578125,3.814697265625e-05,2.736333044595085e-05,-407.5227355957031,134.91563415527344,5.095743656158447,24.65949249267578,5.2268548011779785,11.809873580932617,-2.1919305324554443,4.562873363494873,2.623821973800659,5.707915306091309,-6.531015396118164,0.5265346169471741,0.27762579917907715,1062.1979582227013,0.05415878781847134,normal,fan
-2.766370698736864e-06,0.004686711356043816,0.01909637451171875,-0.02037811279296875,0.0,2.19652629311895e-05,-385.8344421386719,115.17229461669922,3.6962835788726807,2.990863084793091,1.9776545763015747,0.42978590726852417,1.3034799098968506,8.742778778076172,5.921213626861572,-0.8402844071388245,-7.234053134918213,-4.993869781494141,3.217017412185669,1443.9480449819696,0.09596748109076433,normal,fan
-6.470871085184626e-06,0.005109574645757675,0.019588470458984375,-0.0207366943359375,5.340576171875e-05,2.6107753001269884e-05,-390.8179626464844,142.2707061767578,-14.176536560058594,29.321269989013672,-2.4258978366851807,12.413104057312012,-3.549720048904419,3.943413734436035,-0.6979475021362305,4.5069966316223145,-3.9033241271972656,-1.3373547792434692,0.6658260822296143,1075.8879563515552,0.06677945859872611,normal,fan
1.1239051644906795e-07,0.005062124691903591,0.022281646728515625,-0.018512725830078125,-3.4332275390625e-05,2.562510417192243e-05,-376.02825927734375,115.64218139648438,-0.26175394654273987,18.395864486694336,6.982309341430664,15.347270965576172,3.132469654083252,1.2789897918701172,-1.5350183248519897,3.3886983394622803,2.592489242553711,2.135662078857422,-3.5523362159729004,1346.7732622540148,0.07930993730095541,normal,fan
2.0022391709062504e-06,0.003908354789018631,0.01657867431640625,-0.018642425537109375,-3.814697265625e-06,1.527523636468686e-05,-336.530517578125,75.3370590209961,-11.940478324890137,10.52252197265625,-6.911766529083252,2.4066550731658936,-2.886458396911621,5.317318916320801,-1.1204630136489868,0.6313157677650452,-1.8189893960952759,-1.7035691738128662,0.3911550045013428,2164.4258014850207,0.17833461882961785,normal,fan
-5.746603164880071e-06,0.007238404359668493,0.027606964111328125,-0.026317596435546875,4.9591064453125e-05,5.239449819782749e-05,-432.29718017578125,170.45504760742188,14.084939002990723,11.692903518676758,-1.642700433731079,12.100908279418945,4.191937446594238,-2.0645620822906494,-3.754181146621704,-3.9377224445343018,-3.0474822521209717,6.160685062408447,6.861197471618652,761.6626561193376,0.04859797969745223,normal,pump
-1.7088890444938443e-06,0.005127351265400648,0.0201263427734375,-0.02060699462890625,5.7220458984375e-05,2.6289731977158226e-05,-388.82281494140625,117.50079345703125,5.680381774902344,0.8777559399604797,1.684732437133789,3.299384117126465,1.0344561338424683,1.8366576433181763,-5.482214450836182,-0.9441794753074646,8.46636962890625,5.852941989898682,-0.5735159516334534,1406.6361019543774,0.09093538515127389,normal,pump
-9.41433881962439e-06,0.004932143725454807,0.020130157470703125,-0.01981353759765625,0.000141143798828125,2.4326040147570893e-05,-379.08477783203125,117.3699722290039,-12.174403190612793,28.26447105407715,-1.8505239486694336,15.120070457458496,-3.898409605026245,7.118661880493164,1.226550579071045,-0.5442535281181335,-1.618044376373291,2.6033737659454346,2.529855251312256,1364.208141974439,0.07649221238057324,normal,pump
1.3852596794095007e-06,0.007626696024090052,0.031284332275390625,-0.028900146484375,0.000118255615234375,5.816649354528636e-05,-389.015869140625,154.38507080078125,-8.634095191955566,28.590721130371094,-3.7794392108917236,14.176755905151367,-2.743232011795044,1.445709466934204,-5.618264198303223,-0.8615695238113403,-3.948338270187378,-0.6179505586624146,0.19422553479671478,915.6328823012582,0.048156349522292995,normal,pump
6.639957632614824e-07,0.006544840056449175,0.02681732177734375,-0.029972076416015625,3.0517578125e-05,4.2834930354729295e-05,-334.0582275390625,110.90666961669922,-0.8876225352287292,6.45882511138916,-9.879007339477539,-2.401829719543457,-3.0809247493743896,1.2186553478240967,-12.917298316955566,-1.4831314086914062,-6.285366535186768,-0.1954318881034851,6.6514692306518555,1545.5051172136775,0.10234001791401273,normal,pump
-4.886817805527244e-06,0.007170332130044699,0.03192901611328125,-0.02675628662109375,-7.62939453125e-06,5.141366273164749e-05,-356.9483947753906,142.0651092529297,-5.641609191894531,17.520681381225586,-3.1587162017822266,8.040303230285645,-4.8965301513671875,1.867120623588562,-6.269757270812988,1.761804223060608,-0.05987619236111641,3.235957145690918,1.504163384437561,1088.0621125342907,0.06609213276273886,normal,pump
4.426956081715616e-07,0.006536880042403936,0.027263641357421875,-0.02649688720703125,-6.866455078125e-05,4.273080048733391e-05,-353.12353515625,136.35037231445312,-9.676957130432129,18.549081802368164,-4.233044624328613,10.193928718566895,-4.313553810119629,2.00795316696167,-5.758123397827148,0.820855975151062,-1.4388772249221802,0.8016173839569092,0.39780592918395996,1166.940030591644,0.07480655354299363,normal,pump
-3.0424118904193165e-06,0.006538597401231527,0.028255462646484375,-0.030704498291015625,-4.1961669921875e-05,4.275325409253128e-05,-353.84918212890625,126.64936065673828,4.292459964752197,11.963815689086914,1.4574333429336548,11.59688949584961,-0.3566032350063324,1.2957286834716797,-6.004319190979004,-1.1465176343917847,-0.28299257159233093,2.1180684566497803,1.2872987985610962,1273.6495445596122,0.07594483976910828,normal,pump
-1.9481658455333672e-06,0.006671860348433256,0.04018402099609375,-0.028835296630859375,2.6702880859375e-05,4.451372296898626e-05,-352.6601257324219,138.56765747070312,-13.020572662353516,16.59620475769043,-4.616104602813721,11.088570594787598,-3.7725930213928223,2.1884758472442627,-7.825622081756592,-1.4355721473693848,-3.5669357776641846,1.480154275894165,1.7111455202102661,1153.762087915646,0.07732882165605096,normal,pump
-1.6921997030294733e-06,0.006813528947532177,0.03308868408203125,-0.03203582763671875,-2.288818359375e-05,4.642417479772121e-05,-350.02899169921875,137.32650756835938,-11.342886924743652,9.57398509979248,-1.5389795303344727,14.116646766662598,-1.251343846321106,-2.5513365268707275,-10.658334732055664,-4.055114269256592,-0.5463589429855347,2.268018960952759,-2.8916256427764893,1184.9568709951814,0.08439801453025478,normal,pump
4.132938556722365e-06,0.006982584949582815,0.028491973876953125,-0.0257568359375,1.9073486328125e-05,4.8756493924884126e-05,-348.656982421875,139.35914611816406,-15.510969161987305,17.076374053955078,-5.752132892608643,9.008737564086914,-4.4005961418151855,0.5390915870666504,-8.960192680358887,-0.9351478219032288,-4.177396774291992,0.9274598956108093,1.9045939445495605,1152.4013474864444,0.07779222233280254,normal,pump
1.9011973790838965e-06,0.00699562719091773,0.028350830078125,-0.03125762939453125,-3.814697265625e-06,4.89387966808863e-05,-348.73223876953125,129.60330200195312,-5.931636333465576,-4.613088607788086,-4.832282543182373,0.32376235723495483,-2.433955192565918,-0.9180235862731934,-8.193167686462402,-7.43519401550293,-4.753833293914795,1.3081883192062378,4.687401294708252,1293.4008936666057,0.09094471536624203,normal,pump
3.81088256062867e-07,0.007017030846327543,0.03046417236328125,-0.03143310546875,-2.288818359375e-05,4.9238718929700553e-05,-354.3882751464844,145.77120971679688,-12.925960540771484,10.308080673217773,-3.3212077617645264,12.550142288208008,-0.9866943359375,0.9207249283790588,-8.544267654418945,-1.938683032989502,-0.7039328217506409,2.942200183868408,-0.5923615097999573,1095.6700091066552,0.07529172472133758,normal,pump
1.7118454209708034e-08,0.0074644493870437145,0.03467559814453125,-0.033733367919921875,1.52587890625e-05,5.5718006478855386e-05,-349.8616027832031,146.55502319335938,-15.785703659057617,14.288959503173828,-7.771215915679932,8.30715560913086,-5.74586296081543,0.22610647976398468,-9.180022239685059,-1.0336511135101318,-4.0261406898498535,2.0644242763519287,2.0006651878356934,1093.8672433278894,0.07518598228503184,normal,pump
-3.7802219594595954e-06,0.007358149625360966,0.036243438720703125,-0.027462005615234375,1.33514404296875e-05,5.414236875367351e-05,-351.6129150390625,150.18580627441406,-17.90105628967285,15.04027271270752,-8.613189697265625,7.824473857879639,-4.778797149658203,1.6582190990447998,-7.261841773986816,0.5224124193191528,-4.083735466003418,1.46669340133667,1.6796239614486694,1068.1127617862203,0.07510201035031847,normal,pump
-1.221323032041255e-06,0.007289383094757795,0.033878326416015625,-0.030029296875,6.4849853515625e-05,5.313510337145999e-05,-337.5232238769531,122.911376953125,-4.416405200958252,-1.7432550191879272,-6.996806621551514,-3.9012513160705566,-2.1204941272735596,3.946826696395874,-10.243699073791504,-4.5131425857543945,-1.5850324630737305,-7.455904006958008,4.528445720672607,1381.8902856205345,0.09425694167993631,normal,pump
-9.082317546926788e-07,0.0069105480797588825,0.03087615966796875,-0.03594970703125,1.52587890625e-05,4.7755675041116774e-05,-327.01751708984375,119.71934509277344,-8.905420303344727,12.952508926391602,-13.081171035766602,7.15523624420166,-5.314924716949463,-2.45668363571167,-9.249475479125977,-0.28306084871292114,-5.4206061363220215,1.6188820600509644,0.30278846621513367,1401.8196628307317,0.09723950039808917,normal,pump
-9.871960173768457e-07,0.007141236215829849,0.03160858154296875,-0.02748870849609375,-3.814697265625e-06,5.099725240143016e-05,-344.0988464355469,134.02206420898438,-8.726146697998047,-4.208146095275879,-7.34252405166626,-1.7328556776046753,-3.1101741790771484,-3.9915969371795654,-9.550403594970703,-3.103468179702759,0.5217309594154358,2.6876862049102783,1.0604219436645508,1252.1951830400328,0.09040045282643312,normal,pump
-3.1526565180683974e-06,0.007224370259791613,0.0340728759765625,-0.032077789306640625,-7.62939453125e-06,5.219152444624342e-05,-334.0588684082031,132.7576446533203,-13.633729934692383,13.474357604980469,-14.234328269958496,6.9918718338012695,-4.690547943115234,-0.10777219384908676,-7.233328342437744,-1.027635931968689,-0.5615987777709961,0.677520751953125,0.6087483763694763,1256.9961440495485,0.08762937898089172,normal,pump
-3.518104563227098e-07,0.006933335214853287,0.03228759765625,-0.0301666259765625,6.4849853515625e-05,4.807113509741612e-05,-343.83056640625,131.87583923339844,-6.614119529724121,-4.599489688873291,-5.18762731552124,1.1009329557418823,-1.464898705482483,-3.781437397003174,-10.33681583404541,-3.69330096244812,0.23183247447013855,2.7501332759857178,2.5080111026763916,1281.085368032079,0.09107222830414012,normal,pump
-3.643989430202055e-07,0.006860862020403147,0.0258331298828125,-0.02777862548828125,8.0108642578125e-05,4.707142579718493e-05,-349.4952697753906,134.83651733398438,-7.3493852615356445,-4.489486217498779,-4.275516033172607,0.8730970025062561,-2.252755880355835,-3.453665018081665,-9.833741188049316,-4.43422269821167,-0.7473882436752319,3.534590721130371,1.9691945314407349,1241.0549772436557,0.08515065187101911,normal,pump
-1.8551826315160724e-06,0.007132719736546278,0.033985137939453125,-0.03034210205078125,4.57763671875e-05,5.087568933959119e-05,-344.4123840332031,132.78890991210938,-7.366567134857178,-6.628655910491943,-8.256783485412598,0.6054936051368713,0.3018507659435272,-0.6211309432983398,-7.105154514312744,-6.523738384246826,-6.263952732086182,1.7064579725265503,5.431646823883057,1270.06801075184,0.09069901970541401,normal,pump
-3.3510207231302047e-06,0.007405481301248074,0.03083038330078125,-0.028980255126953125,4.57763671875e-05,5.484115536091849e-05,-352.12347412109375,149.14813232421875,-16.980260848999023,15.499701499938965,-9.006952285766602,9.431966781616211,-4.371485710144043,0.14861761033535004,-7.813998222351074,-0.2323555201292038,-4.284936904907227,2.3488056659698486,1.9417606592178345,1071.616941336166,0.07429650179140128,normal,pump
-3.360748337399855e-07,0.007201715372502804,0.02994537353515625,-0.035991668701171875,4.1961669921875e-05,5.1864706620108336e-05,-346.61456298828125,144.41172790527344,-17.637008666992188,13.435100555419922,-12.371538162231445,7.256587028503418,-6.6730427742004395,-0.7626270055770874,-7.692253589630127,-0.508624792098999,-3.7746496200561523,2.96594500541687,2.113926649093628,1133.8719046518822,0.08062238753980892,normal,pump
-2.786874802040984e-06,0.007315930910408497,0.032955169677734375,-0.02913665771484375,7.62939453125e-06,5.352284279069863e-05,-347.2034606933594,144.44862365722656,-14.812134742736816,14.710407257080078,-10.5496244430542,8.594161987304688,-4.336939811706543,-0.23528943955898285,-8.107878684997559,0.23271290957927704,-3.5211260318756104,2.1311657428741455,1.7637789249420166,1116.6375912643211,0.07741901373407643,normal,pump
-4.489898799420189e-07,0.0070211077108979225,0.02880096435546875,-0.02886199951171875,3.814697265625e-06,4.929595525027253e-05,-331.2411804199219,114.69181823730469,4.357080459594727,4.990212440490723,-8.826751708984375,1.099033236503601,2.4897584915161133,-7.372177600860596,-11.054889678955078,1.7050377130508423,-7.4060564041137695,0.6624012589454651,3.25042986869812,1479.4366629275814,0.09166003184713375,normal,pump
-2.574920721087892e-08,0.00717749260365963,0.028728485107421875,-0.028896331787109375,-1.1444091796875e-05,5.151640289113857e-05,-350.72015380859375,134.81546020507812,-6.6704630851745605,-4.211531639099121,-7.4800705909729,-0.11098667234182358,-3.0581655502319336,-2.748839855194092,-6.122847080230713,-4.322160720825195,-6.362637519836426,-1.6684770584106445,2.0584702491760254,1226.1737141673025,0.08360805632961783,normal,pump
1.4073372085476876e-06,0.007470536511391401,0.029880523681640625,-0.03107452392578125,-2.86102294921875e-05,5.5808912293286994e-05,-358.63153076171875,155.1731719970703,-17.035871505737305,16.636613845825195,-9.115160942077637,8.963814735412598,-3.820507287979126,-0.03847501054406166,-8.2088041305542,-0.04147782176733017,-5.097951889038086,2.227464199066162,2.203911542892456,1013.2513411826785,0.07220964371019108,normal,pump
-5.01155852816737e-07,0.007075365632772446,0.0297698974609375,-0.03586578369140625,3.814697265625e-06,5.0060796638717875e-05,-351.9122619628906,133.1513671875,-1.1131020784378052,5.885067939758301,-9.343422889709473,9.254502296447754,-2.2441177368164062,-1.5882350206375122,-6.778979778289795,-0.08078368753194809,-3.0286643505096436,5.8698530197143555,2.57602596282959,1423.714560289719,0.10651373407643312,normal,pump
-1.4433861394991254e-07,0.0072436886839568615,0.03272247314453125,-0.0312042236328125,7.62939453125e-06,5.247102308203466e-05,-369.3985290527344,156.03709411621094,-8.987321853637695,11.952408790588379,-4.878479957580566,10.16094970703125,-0.10657256096601486,-1.180983066558838,-5.186349391937256,0.640768826007843,-3.5797834396362305,4.21614933013916,3.4793806076049805,977.4854306495229,0.06653687300955415,normal,pump
-2.4118423880281625e-06,0.00728703523054719,0.0301666259765625,-0.029033660888671875,3.814697265625e-05,5.3100884542800486e-05,-347.7502136230469,130.1929931640625,-0.2008616030216217,-6.450047016143799,-8.413522720336914,-0.10633121430873871,-1.462448000907898,-0.45291972160339355,-2.021801233291626,-2.6905038356781006,-5.751829624176025,-4.021801471710205,-0.2021932452917099,1285.0100116155568,0.08759205812101911,normal,pump
-1.9189835711586056e-06,0.006634189281612635,0.028339385986328125,-0.02516937255859375,3.814697265625e-06,4.401246769702993e-05,-350.63458251953125,130.0482940673828,-4.3232421875,-3.5543158054351807,-4.634856700897217,0.22139973938465118,-2.8878631591796875,-2.080723762512207,-7.0394606590271,-6.652029514312744,-4.404778003692627,2.925365924835205,6.559121131896973,1291.6082761624184,0.0870851164410828,normal,pump
7.021951660135528e-06,0.006996223237365484,0.040081024169921875,-0.0270843505859375,-1.1444091796875e-05,4.894714220426977e-05,-365.4250183105469,151.1756134033203,-7.874993801116943,12.0062894821167,-6.0486297607421875,8.483656883239746,-0.6543900370597839,0.8791074156761169,-7.8191728591918945,-0.3289695680141449,-5.722757339477539,2.6104207038879395,2.1409919261932373,1032.1368903982677,0.06858641023089172,normal,pump
1.9490719296300085e-06,0.0068837618455290794,0.027378082275390625,-0.029148101806640625,1.52587890625e-05,4.73861800855957e-05,-358.6846618652344,148.72653198242188,-16.029054641723633,17.562376022338867,-9.518545150756836,9.404712677001953,-4.552196979522705,0.7971526384353638,-7.621275901794434,0.3912990987300873,-4.644758224487305,1.8998677730560303,3.752850294113159,1066.9923324976924,0.07337903065286625,normal,pump
1.925468495755922e-06,0.012624472379684448,0.08154296875,-0.06685256958007812,0.000125885009765625,0.00015937730495352298,-275.4137268066406,107.55415344238281,-3.3249030113220215,6.313398838043213,-2.7160322666168213,2.7168614864349365,-5.5222954750061035,-10.904648780822754,-8.740534782409668,-1.0426244735717773,-0.8547941446304321,-1.4434398412704468,-0.39733177423477173,1582.9937761159767,0.0984866391321656,normal,pump
-3.330040044602356e-06,0.012561037205159664,0.12056350708007812,-0.10634231567382812,5.7220458984375e-05,0.00015777965018060058,-274.5123291015625,101.82388305664062,-5.591569900512695,0.5008955001831055,-6.273623943328857,0.12148978561162949,-7.048492431640625,-11.959938049316406,-9.300392150878906,-5.540014743804932,-2.191556930541992,-0.49357643723487854,0.4105089604854584,1687.30644218094,0.10812786126592357,normal,pump
-3.1696320093033137e-06,0.012372265569865704,0.06814956665039062,-0.06833267211914062,0.00017547607421875,0.00015307294961530715,-276.5252685546875,105.03677368164062,-2.4818994998931885,6.809190273284912,-1.418010950088501,3.9841136932373047,-5.96874475479126,-10.620146751403809,-8.113059043884277,-1.5662505626678467,-1.718773365020752,-2.14133882522583,-0.7689943909645081,1620.9317911660676,0.09941966062898089,normal,pump
1.0658741302904673e-06,0.011256535537540913,0.08198165893554688,-0.06732940673828125,0.0001544952392578125,0.0001267095940420404,-266.7984619140625,80.20307159423828,-3.065005302429199,1.9922972917556763,-8.69253158569336,0.08388837426900864,-11.74160099029541,-12.082839965820312,-14.994377136230469,-1.777883768081665,-6.119053840637207,-4.091651439666748,0.0008228569058701396,2051.5067285746663,0.14135586683917198,normal,pump
-9.738921562529868e-07,0.012394475750625134,0.10367584228515625,-0.0712127685546875,0.000186920166015625,0.00015362302656285465,-268.8975830078125,102.68812561035156,-3.2693870067596436,6.074642181396484,-3.030780076980591,2.7647476196289062,-5.90532922744751,-10.293584823608398,-7.63279914855957,-3.018975019454956,-1.473509669303894,-0.3220307528972626,-1.1308993101119995,1671.0880958062626,0.10689627289012739,normal,pump
-3.0312537546706153e-06,0.011854580603539944,0.055904388427734375,-0.06286239624023438,0.000148773193359375,0.00014053107588551939,-272.2557678222656,100.7772216796875,-0.8489199280738831,3.9257819652557373,-2.7694602012634277,-0.45537152886390686,-7.435297966003418,-11.845182418823242,-7.361501693725586,-1.697085976600647,-1.765462875366211,-4.951199054718018,-4.573642253875732,1718.0704356097938,0.10763958001592357,normal,pump
-9.871960173768457e-07,0.012524396181106567,0.06333160400390625,-0.07198715209960938,0.00011444091796875,0.00015686050755903125,-270.32855224609375,106.05565643310547,-1.0262829065322876,6.229595184326172,-1.0623997449874878,2.90796160697937,-5.540625095367432,-10.977681159973145,-7.268850326538086,-2.578429698944092,-1.9194936752319336,-2.664482593536377,-1.0750889778137207,1617.4759181989837,0.10154694964171974,normal,pump
3.748607696252293e-06,0.011963268741965294,0.08512496948242188,-0.07968521118164062,9.5367431640625e-05,0.0001431197888450697,-274.4197998046875,101.04489135742188,-6.665660858154297,0.9097312688827515,-5.712629318237305,2.0120749473571777,-4.708675861358643,-8.985467910766602,-8.827022552490234,-5.664461135864258,-4.262762069702148,-3.1286144256591797,0.29948756098747253,1704.109804367642,0.10975131867038217,normal,pump
-6.126976131781703e-06,0.012002061121165752,0.09154891967773438,-0.07694244384765625,0.00011444091796875,0.0001440494816051796,-271.9244079589844,103.19694519042969,-2.7646644115448,9.613611221313477,0.5598954558372498,4.360908508300781,-4.42498779296875,-9.817309379577637,-7.792283058166504,-2.629488229751587,-2.7134006023406982,-3.7961106300354004,-1.3849306106567383,1646.2764408689256,0.10526970541401273,normal,pump
-3.2277107493428048e-06,0.01267678290605545,0.0760040283203125,-0.063446044921875,0.0001373291015625,0.0001607008307473734,-271.8485412597656,102.71942138671875,-3.9074089527130127,3.8508589267730713,-3.6029632091522217,-0.02407190576195717,-8.269514083862305,-14.053266525268555,-9.170454978942871,-1.2334792613983154,-1.2910122871398926,-0.6783603429794312,-0.3944248855113983,1660.446277348585,0.10231824741242038,normal,pump
-4.693031314673135e-07,0.012819834984838963,0.07957077026367188,-0.10469818115234375,-2.6702880859375e-05,0.00016434816643595695,-269.59771728515625,105.76201629638672,-1.424547791481018,6.183502674102783,-1.4145935773849487,1.834255576133728,-6.491822719573975,-11.142210006713867,-7.817593574523926,-1.9717037677764893,-1.3208273649215698,-1.8530086278915405,-0.01666213572025299,1629.9869172347767,0.09966846636146497,normal,pump
-1.0684013886930188e-06,0.012833191081881523,0.09511947631835938,-0.096832275390625,4.9591064453125e-05,0.00016469079128000885,-271.30474853515625,104.53570556640625,-0.12390816956758499,6.50860071182251,-0.8170679211616516,4.299448490142822,-4.029798984527588,-9.579258918762207,-6.977695941925049,-2.6559672355651855,-3.2493484020233154,-3.7386081218719482,-0.9107822775840759,1637.6805834875734,0.09991416202229299,normal,pump
-9.955882660506177e-07,0.011955107562243938,0.08472061157226562,-0.08815383911132812,0.000152587890625,0.0001429245894541964,-269.31146240234375,96.94966888427734,-2.2139739990234375,2.013458251953125,-6.215781211853027,0.8213431239128113,-11.069488525390625,-10.255484580993652,-9.88728141784668,-0.41287145018577576,-0.5839240550994873,-4.588931560516357,-2.8555564880371094,1770.874153211309,0.11169200338375797,normal,pump
-6.525993399009167e-07,0.012235725298523903,0.08878707885742188,-0.07129669189453125,0.0001468658447265625,0.00014971297059673816,-271.6184997558594,102.88903045654297,-5.730227947235107,0.07811935991048813,-4.5866379737854,0.7473087906837463,-6.575431823730469,-11.635663032531738,-10.244317054748535,-2.958766460418701,-0.897355318069458,-2.3797130584716797,-1.9555267095565796,1685.1034101689236,0.10814963176751592,normal,pump
1.4773845578019973e-06,0.012918245047330856,0.080078125,-0.0677642822265625,0.000217437744140625,0.00016688104369677603,-269.5106506347656,105.8677749633789,-2.5710337162017822,6.697982311248779,-1.8850297927856445,2.2609057426452637,-5.702211856842041,-11.139631271362305,-8.478279113769531,-2.359752893447876,-1.5971177816390991,-1.345201015472412,0.654355525970459,1614.6094866283945,0.10016918789808917,normal,pump
-3.009939291587216e-06,0.012519896030426025,0.0965576171875,-0.08559417724609375,0.0001163482666015625,0.00015674778842367232,-270.5579833984375,104.3939208984375,-2.162916421890259,7.4907989501953125,-0.5801287889480591,3.4244120121002197,-5.270103454589844,-9.287967681884766,-7.241309642791748,-2.334475040435791,-2.605145215988159,-2.618155002593994,-0.3039342164993286,1632.8819500697252,0.10158427050159236,normal,pump
1.5613079540344188e-06,0.005170599557459354,0.10979461669921875,-0.09459304809570312,-4.1961669921875e-05,2.6735100618680008e-05,-385.8392333984375,105.39735412597656,6.659549236297607,16.96368408203125,11.586315155029297,18.46969223022461,9.72607421875,3.5001773834228516,-0.1445947140455246,4.259296894073486,4.296301364898682,-0.3435181975364685,-2.804424524307251,1496.9091262233082,0.07354075437898089,normal,valve
-3.7667750802938826e-06,0.005573201458901167,0.10676193237304688,-0.09712982177734375,1.1444091796875e-05,3.106057192781009e-05,-396.8481140136719,124.85029602050781,3.5371851921081543,24.82977867126465,5.5178914070129395,10.795820236206055,1.3823355436325073,0.6137306690216064,-0.016810543835163116,7.522006988525391,2.2110583782196045,-2.196927309036255,0.48500367999076843,1371.806332891382,0.0690124900477707,normal,valve
1.1456966149125947e-06,0.005250108893960714,0.10412216186523438,-0.11478042602539062,-3.814697265625e-06,2.756364301603753e-05,-382.6807861328125,117.74198913574219,-0.11848031729459763,26.147659301757812,4.017124652862549,13.568860054016113,0.699232816696167,3.5054500102996826,-1.555605411529541,3.616797924041748,-1.6620452404022217,-3.4547293186187744,-0.25919559597969055,1383.046601604599,0.07763982882165606,normal,valve
-1.869678527555152e-07,0.005047417711466551,0.08115005493164062,-0.05995941162109375,-2.6702880859375e-05,2.5476425435044803e-05,-397.93414306640625,136.02952575683594,-7.748522758483887,27.461360931396484,2.4891769886016846,12.855875015258789,0.45356518030166626,2.1021156311035156,-1.286080002784729,1.9297124147415161,-0.3838779330253601,-1.5471115112304688,2.1255297660827637,1139.3810645772726,0.06325885748407643,normal,valve
-2.7847765977639938e-06,0.00576059939339757,0.13560104370117188,-0.1062469482421875,4.1961669921875e-05,3.3184503990923986e-05,-382.8805236816406,121.99771118164062,0.23516961932182312,26.954614639282227,2.4945812225341797,13.173800468444824,-2.6763756275177,1.8358010053634644,-3.2729547023773193,4.059042453765869,-0.5816625952720642,-2.6512162685394287,1.154569149017334,1358.1667547026611,0.07613766421178345,normal,valve
-5.239820438873721e-06,0.005577948410063982,0.15671539306640625,-0.1096038818359375,2.6702880859375e-05,3.111350815743208e-05,-397.79571533203125,115.0621109008789,7.475843906402588,17.13436508178711,8.304965019226074,21.5640869140625,10.157838821411133,4.208488464355469,-1.5716171264648438,4.763548851013184,5.055481910705566,-0.9784052968025208,-2.3183021545410156,1415.0451038507617,0.07070125895700637,normal,valve
-3.054523403989151e-06,0.004749536979943514,0.12981414794921875,-0.09420013427734375,1.9073486328125e-05,2.255810068163555e-05,-388.2664489746094,108.20651245117188,4.061711311340332,-3.0840041637420654,4.077027320861816,3.124652147293091,0.868238627910614,2.1237399578094482,-4.177413463592529,0.8546307682991028,13.951569557189941,7.454105377197266,0.05503352731466293,1591.5705042935253,0.10916351512738853,normal,valve
2.6596069346851436e-06,0.004902175161987543,0.0894927978515625,-0.0906524658203125,-7.62939453125e-06,2.403132020845078e-05,-381.6277160644531,100.95117950439453,3.344586133956909,18.9078369140625,10.265388488769531,18.485626220703125,7.203473091125488,2.391535758972168,-1.919958472251892,3.75959849357605,4.095338344573975,1.5109593868255615,-3.8792521953582764,1582.2749571717056,0.08568869426751592,normal,valve
-2.7548312573344447e-06,0.005380818620324135,0.10102081298828125,-0.06599807739257812,7.62939453125e-06,2.8953207220183685e-05,-364.42376708984375,90.57041931152344,4.676795959472656,18.0618896484375,12.030864715576172,16.80484390258789,7.8496904373168945,2.1697025299072266,-2.6982741355895996,5.837271690368652,3.5486998558044434,0.4348888397216797,-4.057016372680664,1804.033681587923,0.1030149034633758,normal,valve
1.5136241700020037e-06,0.004792668391019106,0.07027816772460938,-0.0529632568359375,3.814697265625e-06,2.2969668862060644e-05,-386.74407958984375,95.01117706298828,11.743719100952148,4.385046482086182,1.7511451244354248,6.735927104949951,1.3947685956954956,4.7348151206970215,4.658114433288574,7.858334541320801,5.524564743041992,-2.3584671020507812,-5.287769317626953,1760.6705336912025,0.09617274582006369,normal,valve
-2.24246969082742e-06,0.003710768185555935,0.050243377685546875,-0.0350799560546875,-3.814697265625e-06,1.3769800716545433e-05,-354.37762451171875,49.73337173461914,-10.600725173950195,30.30467414855957,3.0790090560913086,12.17342472076416,1.7845855951309204,3.9988718032836914,1.0472298860549927,0.029934147372841835,0.6003414988517761,2.9377267360687256,-1.958883285522461,2485.097654825903,0.21203224522292993,normal,valve
9.005546530715947e-07,0.004871611017733812,0.05770111083984375,-0.05417633056640625,0.0,2.3732594854664057e-05,-385.6737060546875,112.78773498535156,-3.4028451442718506,16.34153175354004,6.511223316192627,22.472522735595703,6.354678630828857,-0.816821813583374,-4.730693340301514,2.3114802837371826,6.630507946014404,1.1773805618286133,-5.154407978057861,1450.4446973057547,0.08575400577229299,normal,valve
1.4883518133501639e-06,0.005396037362515926,0.06482315063476562,-0.05585479736328125,-7.62939453125e-06,2.91172182187438e-05,-377.4936218261719,118.99755859375,-0.9157055020332336,24.24778175354004,4.347568511962891,12.642663955688477,-0.14011171460151672,-0.3566369116306305,-1.6175642013549805,3.074557304382324,1.0943642854690552,-2.0589137077331543,1.257529854774475,1379.4406513511863,0.07727284036624203,normal,valve
2.913045818786486e-06,0.005078704562038183,0.073486328125,-0.0774993896484375,4.00543212890625e-05,2.5793238819460385e-05,-387.50732421875,124.37955474853516,-3.7064054012298584,27.72937774658203,2.3925158977508545,13.868204116821289,-1.5168967247009277,1.9366976022720337,-1.2119016647338867,4.041899681091309,0.10623608529567719,-2.4046380519866943,-1.442981481552124,1252.2934533921266,0.07122686106687898,normal,valve
1.8253326743433718e-06,0.005069496110081673,0.118621826171875,-0.07046890258789062,1.9073486328125e-05,2.5699791876832023e-05,-387.4482421875,126.42988586425781,-2.7003579139709473,25.64664649963379,0.221621572971344,12.06361198425293,-0.6390742659568787,3.6231284141540527,-0.2626848518848419,4.6735358238220215,-0.5362963080406189,-0.39761272072792053,2.7379512786865234,1273.825927511165,0.07062661723726114,normal,valve
-9.504317972641729e-07,0.004216440487653017,0.04715728759765625,-0.056606292724609375,7.62939453125e-06,1.7778369510779157e-05,-368.5509948730469,90.6751937866211,-17.133886337280273,23.93552589416504,0.1123332604765892,11.252838134765625,1.8331847190856934,5.045680522918701,5.296322345733643,3.004917860031128,0.4410083591938019,1.820098638534546,1.3987723588943481,1884.2126099266013,0.1363642018312102,normal,valve
-9.882926406135084e-07,0.004500871524214745,0.06299972534179688,-0.06570816040039062,-5.7220458984375e-05,2.0257844880688936e-05,-403.76483154296875,112.73917388916016,-2.1648685932159424,17.55864906311035,12.718267440795898,20.208038330078125,4.819870948791504,6.173748016357422,3.97454833984375,2.151728868484497,-3.018176317214966,-3.9101686477661133,1.2837824821472168,1397.8784860268727,0.0849733777866242,normal,valve
6.263732643674302e-07,0.004853042308241129,0.06073760986328125,-0.08102798461914062,-2.288818359375e-05,2.355201831960585e-05,-407.23785400390625,126.07279968261719,0.0961560308933258,17.69253921508789,8.047992706298828,24.14284324645996,8.368355751037598,0.20009541511535645,-3.0155324935913086,1.4476866722106934,6.240118503570557,1.0488368272781372,-4.126677989959717,1212.3471761029239,0.06646223128980892,normal,valve
1.2045383073200355e-06,0.0037732317578047514,0.07757568359375,-0.0667572021484375,-3.814697265625e-06,1.4237278264772613e-05,-369.20672607421875,30.15862274169922,14.614662170410156,27.420705795288086,-6.724168300628662,11.446163177490234,4.0183424949646,3.246121644973755,2.971595525741577,14.622425079345703,-1.8182237148284912,7.144069194793701,-3.068895101547241,3047.653219987569,0.3227787868232484,normal,valve
-1.8539428481290088e-07,0.005691292230039835,0.06670761108398438,-0.06690216064453125,3.0517578125e-05,3.239080615458079e-05,-318.3421630859375,88.88125610351562,-30.72162437438965,5.460854530334473,-11.36021900177002,0.529026210308075,2.1830551624298096,5.281307697296143,-4.656243801116943,-6.457300662994385,-7.650588035583496,2.8430423736572266,2.3831818103790283,1909.1022742717244,0.16273449940286625,normal,valve
1.2236117754582665e-06,0.004978990647941828,0.06261825561523438,-0.05937957763671875,-3.814697265625e-06,2.479034628777299e-05,-351.1877136230469,101.42784881591797,0.07550927251577377,20.244338989257812,0.162689208984375,6.339349269866943,-1.7787059545516968,-0.2540971636772156,-1.24445378780365,3.3380680084228516,-1.4802979230880737,-0.3310006856918335,-0.7785829305648804,1644.377695522649,0.10427137241242038,normal,valve
-9.562492095938069e-07,0.0052753956988453865,0.058994293212890625,-0.064361572265625,4.57763671875e-05,2.7829801183543168e-05,-379.5635070800781,94.35073852539062,13.270169258117676,25.36650276184082,12.785937309265137,11.753910064697266,4.081091403961182,3.67728853225708,2.120851755142212,4.036122798919678,-3.0114352703094482,-3.9403340816497803,-2.870504856109619,1660.9030639876064,0.07986353005573249,normal,valve
1.3591289871328627e-06,0.004457141738384962,0.06741714477539062,-0.07559967041015625,3.814697265625e-06,1.986611277970951e-05,-378.3558044433594,84.3567123413086,10.563486099243164,10.334541320800781,-3.8398165702819824,1.8988391160964966,6.831699371337891,16.068798065185547,-2.2049059867858887,-1.885259747505188,-0.48745444416999817,-5.3955278396606445,4.321704864501953,1951.0446942555259,0.1251461733678344,normal,valve
-1.952743559741066e-06,0.004856874700635672,0.08143997192382812,-0.08282470703125,-2.6702880859375e-05,2.3589233023812994e-05,-347.7410888671875,76.9848861694336,10.754254341125488,18.658451080322266,7.950310230255127,8.356342315673828,2.239487886428833,-0.9774975776672363,-0.8819978833198547,1.1112432479858398,0.879159152507782,-2.554612636566162,0.1935066133737564,2109.600697387703,0.1352663465366242,normal,valve
-6.731987127750472e-07,0.005324240308254957,0.07996368408203125,-0.0842132568359375,6.103515625e-05,2.8347534680506214e-05,-401.13116455078125,118.4295883178711,3.565241813659668,16.922685623168945,9.119129180908203,23.866580963134766,9.645051956176758,2.189495801925659,-2.563011884689331,4.968714237213135,7.206354141235352,-0.5360293984413147,-2.560981512069702,1341.029749610082,0.07135126393312102,normal,valve
2.4065971047093626e-06,0.004821827635169029,0.051273345947265625,-0.0515594482421875,-1.52587890625e-05,2.325002060388215e-05,-399.407958984375,109.56859588623047,9.084371566772461,-3.1540677547454834,4.966034889221191,9.501045227050781,5.68897819519043,3.474402904510498,-2.8365402221679688,3.207573175430298,13.562064170837402,7.871366024017334,0.0990154966711998,1529.2379937799262,0.09430359275477707,normal,valve
1.5778065289850929e-06,0.005067019257694483,0.055141448974609375,-0.056583404541015625,3.814697265625e-05,2.5674682547105476e-05,-395.5764465332031,135.44737243652344,-5.157931804656982,27.044269561767578,1.8031365871429443,11.250947952270508,-0.8888860940933228,1.164535403251648,0.10977525264024734,3.203277111053467,-0.029271434992551804,-1.3857907056808472,-0.21346618235111237,1174.3981255026706,0.0660703622611465,normal,valve
2.1685123101633508e-06,0.005409033037722111,0.061397552490234375,-0.052837371826171875,4.1961669921875e-05,2.9257640562718734e-05,-377.82275390625,119.05772399902344,2.134047508239746,24.62845802307129,3.241973638534546,11.434481620788574,-0.44396495819091797,0.6002172231674194,-1.824750542640686,4.939760208129883,1.3229138851165771,-1.3294014930725098,1.158123254776001,1405.7218314631002,0.07721685907643312,normal,valve
2.6023865302704507e-06,0.005161338951438665,0.044658660888671875,-0.0550079345703125,-3.4332275390625e-05,2.6639419957064092e-05,-395.7632751464844,94.99903106689453,21.930070877075195,8.72440242767334,5.137526512145996,8.747169494628906,0.9478289484977722,1.030542016029358,3.12615704536438,9.64784049987793,10.293378829956055,1.7688806056976318,-2.747894525527954,1701.3332001933543,0.08595305035828026,normal,valve
-2.4981497972476063e-06,0.004613703582435846,0.07829666137695312,-0.04759979248046875,1.1444091796875e-05,2.1286261471686885e-05,-411.79766845703125,110.52189636230469,9.94774341583252,0.07021935284137726,5.065733909606934,6.8666510581970215,4.768930912017822,6.888539791107178,-0.7576847672462463,1.9726680517196655,10.048689842224121,10.253653526306152,5.0932393074035645,1497.4323144871237,0.08948609175955415,normal,valve
-2.418518079139176e-06,0.004360622260719538,0.08284759521484375,-0.059612274169921875,3.814697265625e-06,1.901502582768444e-05,-401.443359375,101.07389831542969,6.551868438720703,0.3709638714790344,7.091604709625244,9.861917495727539,7.870725154876709,3.605074644088745,-3.8403234481811523,2.5106115341186523,10.292634010314941,7.255675792694092,3.318873643875122,1722.5805367929815,0.10697713475318471,normal,valve
-1.3446808111439168e-08,0.00445035845041275,0.082427978515625,-0.048656463623046875,-3.814697265625e-06,1.9805691408691928e-05,-405.4142761230469,101.69327545166016,12.273649215698242,1.7642085552215576,5.325940132141113,9.097264289855957,4.2379560470581055,8.447850227355957,2.8816635608673096,-0.7919256091117859,1.7114988565444946,3.286036491394043,9.818761825561523,1647.0948886579604,0.10048641520700637,normal,valve
2.78649326901359e-06,0.00443360535427928,0.07086944580078125,-0.043365478515625,1.1444091796875e-05,1.965685441973619e-05,-432.7873229980469,134.9459686279297,3.806060314178467,18.443315505981445,6.874938488006592,14.749424934387207,1.688052773475647,-3.8923628330230713,5.419457912445068,5.700242519378662,1.39521062374115,1.2911131381988525,2.7051212787628174,1098.0949355249124,0.0646241789410828,normal,valve
3.588676520394074e-07,0.004490318708121777,0.056125640869140625,-0.047428131103515625,1.9073486328125e-05,2.0162960936431773e-05,-394.5789489746094,102.76265716552734,5.662775039672852,0.10961437970399857,4.215660095214844,9.905725479125977,7.511816501617432,6.416977405548096,-2.0619163513183594,3.856333017349243,9.300362586975098,6.086131572723389,4.367909908294678,1663.1567896128415,0.1048218550955414,normal,valve
4.309654286771547e-07,0.005344975274056196,0.04819488525390625,-0.0362548828125,1.52587890625e-05,2.8568761990754865e-05,-390.4088134765625,127.57063293457031,-2.7748472690582275,26.32234001159668,5.222592353820801,13.459731101989746,0.9864439964294434,0.9946179986000061,-1.0496879816055298,4.140405178070068,0.7672655582427979,-2.8140106201171875,1.149774432182312,1265.2586868329363,0.06733305135350319,normal,valve
8.460044682578882e-07,0.004967705812305212,0.045886993408203125,-0.041065216064453125,1.1444091796875e-05,2.4678101908648387e-05,-386.8675231933594,125.93458557128906,-5.131765842437744,28.948715209960938,0.35767728090286255,13.815587043762207,-2.046715497970581,1.2575100660324097,-2.0450308322906494,3.5642151832580566,-0.5571535229682922,-1.5625221729278564,-0.02541320025920868,1241.1748672646825,0.07196705812101911,normal,valve
-2.645015797497763e-07,0.005009219981729984,0.05533599853515625,-0.050792694091796875,-3.0517578125e-05,2.5092285795835778e-05,-391.09478759765625,105.6980972290039,9.35031795501709,-0.39400216937065125,4.547665596008301,7.449491024017334,6.316551685333252,6.5780463218688965,1.7057734727859497,1.1768532991409302,2.600098133087158,5.098380088806152,9.108966827392578,1612.2371290879794,0.10080675258757962,normal,valve
5.94573020862299e-06,0.004523463547229767,0.08675384521484375,-0.056819915771484375,-3.0517578125e-05,2.0461720851017162e-05,-338.4471130371094,78.69973754882812,-14.918134689331055,10.160232543945312,-8.171456336975098,6.151595592498779,-2.8308587074279785,0.44933050870895386,-3.6687281131744385,-3.066478967666626,-4.034377574920654,-3.2387194633483887,5.820576190948486,2110.772367663295,0.1676390824044586,normal,valve
-2.9156685741327237e-06,0.004573705606162548,0.050251007080078125,-0.049045562744140625,-6.4849853515625e-05,2.091878377541434e-05,-387.81463623046875,102.3995590209961,3.696955680847168,18.56273651123047,11.144705772399902,19.30516242980957,7.9227728843688965,3.1169064044952393,-1.7377249002456665,4.082855224609375,5.259494304656982,1.868312120437622,-4.259402751922607,1519.10643693048,0.08073435011942676,normal,valve
-1.7918587218446191e-06,0.004691609181463718,0.04918670654296875,-0.051151275634765625,2.288818359375e-05,2.201119605160784e-05,-472.4858703613281,139.44146728515625,16.57543182373047,20.482099533081055,12.242412567138672,14.58635425567627,6.703566551208496,1.639070987701416,6.593446731567383,6.548002243041992,5.15047550201416,-0.6436371803283691,1.313942790031433,968.3146321199433,0.03483591261942675,normal,valve
-9.556293889545486e-07,0.005283040925860405,0.06954574584960938,-0.051082611083984375,4.57763671875e-05,2.7910522476304322e-05,-393.982421875,111.70083618164062,6.852575778961182,16.929962158203125,8.932964324951172,22.32081413269043,9.215445518493652,2.3856279850006104,-1.83926522731781,5.220084190368652,5.031270980834961,-1.8938719034194946,-1.8060863018035889,1492.4203363739668,0.07637091958598727,normal,valve
1.9092560421540838e-07,0.005001264624297619,0.058643341064453125,-0.051174163818359375,4.1961669921875e-05,2.5012648620759137e-05,-400.3357238769531,118.46440887451172,-1.9576520919799805,19.090656280517578,10.328165054321289,22.212905883789062,6.394906044006348,0.9160630702972412,-3.0420358180999756,-0.6289100646972656,5.384873867034912,1.1055567264556885,-4.801315784454346,1351.1382796583637,0.07689652169585988,normal,valve
1.0080337915496784e-06,0.003666998352855444,0.047588348388671875,-0.06545639038085938,-1.1444091796875e-05,1.3446876437228639e-05,-339.84906005859375,57.23289489746094,-17.751510620117188,24.894947052001953,-8.35684585571289,1.0534733533859253,2.27803373336792,3.8265295028686523,1.208457112312317,0.4457194209098816,-1.1139415502548218,4.420124053955078,2.3949286937713623,2425.6348733377636,0.23649606886942676,normal,valve
1.1362076293153223e-06,0.0049300771206617355,0.058910369873046875,-0.061431884765625,6.4849853515625e-05,2.4305660190293565e-05,-399.85687255859375,104.46940612792969,11.449512481689453,-1.658358097076416,6.226399898529053,10.478492736816406,6.117816925048828,3.4204225540161133,-2.681222677230835,6.645986557006836,14.165645599365234,7.339828014373779,0.49554550647735596,1632.4512626495004,0.09509044088375797,normal,valve
2.6318073196307523e-06,0.00515409791842103,0.051143646240234375,-0.048007965087890625,3.814697265625e-05,2.656472679518629e-05,-376.7690734863281,102.22230529785156,4.746589183807373,16.920345306396484,11.999762535095215,18.81045913696289,7.3778815269470215,0.32687464356422424,-4.25336217880249,2.9878830909729004,5.653817176818848,1.1724739074707031,-4.825015544891357,1581.0473510641546,0.08701047472133758,normal,valve
-7.041406661301153e-06,0.0035654560197144747,0.018970489501953125,-0.0187835693359375,3.814697265625e-06,1.2712476745946333e-05,-405.0907287597656,114.05049133300781,-8.586357116699219,32.1103401184082,-8.13881778717041,11.155885696411133,0.24712276458740234,5.478414535522461,5.65929651260376,-0.3762552738189697,-1.6174975633621216,3.431375026702881,2.0149898529052734,1407.741639472593,0.08740234375,normal,valve
1.6836643226270098e-06,0.005310914479196072,0.049739837646484375,-0.0721893310546875,-7.62939453125e-06,2.8205811759107746e-05,-448.1547546386719,143.42970275878906,20.30387306213379,18.697433471679688,11.018058776855469,14.663995742797852,7.475780487060547,0.37283363938331604,3.6983542442321777,6.3955607414245605,3.0362966060638428,-2.587202548980713,0.5371842384338379,1007.5293916692084,0.04524221238057325,normal,valve
2.0316124391683843e-06,0.005187927279621363,0.05889129638671875,-0.067718505859375,0.0,2.691458757908549e-05,-395.75921630859375,98.81298065185547,11.989423751831055,3.556586265563965,3.4141414165496826,8.288804054260254,6.232896327972412,5.998591423034668,-0.6424367427825928,-0.15322239696979523,-3.6118295192718506,-0.8750285506248474,9.985918045043945,1716.7697752063173,0.10777331309713375,normal,valve
-3.785133344536007e-07,0.0038999428506940603,0.0297088623046875,-0.0277252197265625,-2.288818359375e-05,1.5209554476314224e-05,-478.7204284667969,136.79861450195312,15.128772735595703,20.81888198852539,12.186397552490234,16.799135208129883,7.053627014160156,1.7190706729888916,9.953246116638184,6.34998893737793,3.4649159908294678,-0.9000479578971863,0.9919124245643616,998.9306043108683,0.04257066082802548,normal,valve
5.471992608363507e-06,0.005055669695138931,0.056362152099609375,-0.055850982666015625,-3.814697265625e-05,2.5559796995366924e-05,-424.60528564453125,127.43849182128906,14.13502025604248,20.81534194946289,7.2564921379089355,14.309066772460938,2.1043059825897217,-3.644427537918091,6.455606460571289,6.3440842628479,0.8812153935432434,1.8125545978546143,4.128902435302734,1167.219972511731,0.056541102707006366,normal,valve
